{
  "new_robot": {
    "no_double": {
      "total": 81775,
      "count": 24,
      "avg": 3407.2916666666665,
      "wins": 12,
      "losses": 12,
      "win_total": 924110,
      "loss_total": -842335,
      "win_avg": 77009.16666666667,
      "loss_avg": -70194.58333333333,
      "std": 86233.48514881694,
      "cv": 25.30851291435777
    },
    "double": {
      "total": -44006,
      "count": 12,
      "avg": -3667.1666666666665,
      "wins": 7,
      "losses": 5,
      "win_total": 531706,
      "loss_total": -575712,
      "win_avg": 75958.0,
      "loss_avg": -115142.4,
      "std": 114015.981050372,
      "cv": 31.09102787357324
    },
    "super_double": {
      "total": 24688819,
      "count": 406,
      "avg": 60809.899014778326,
      "wins": 305,
      "losses": 101,
      "win_total": 37339542,
      "loss_total": -12650723,
      "win_avg": 122424.72786885245,
      "loss_avg": -125254.68316831683,
      "std": 126146.0087249952,
      "cv": 2.074432136358894
    },
    "total": {
      "total": 24726588,
      "count": 442,
      "avg": 55942.50678733032,
      "wins": 324,
      "losses": 118,
      "win_total": 38795358,
      "loss_total": -14068770,
      "win_avg": 119738.75925925926,
      "loss_avg": -119226.86440677966,
      "std": 0,
      "cv": 0
    }
  },
  "old_robot": {
    "no_double": {
      "total": 2254477,
      "count": 149,
      "avg": 15130.71812080537,
      "wins": 97,
      "losses": 52,
      "win_total": 7024071,
      "loss_total": -4769594,
      "win_avg": 72413.10309278351,
      "loss_avg": -91722.96153846153,
      "std": 88357.5042024132,
      "cv": 5.839610750590743
    },
    "double": {
      "total": 1377379,
      "count": 84,
      "avg": 16397.369047619046,
      "wins": 53,
      "losses": 31,
      "win_total": 5011187,
      "loss_total": -3633808,
      "win_avg": 94550.69811320755,
      "loss_avg": -117219.6129032258,
      "std": 116720.25099436456,
      "cv": 7.11823040973227
    },
    "super_double": {
      "total": 19885088,
      "count": 221,
      "avg": 89977.7737556561,
      "wins": 190,
      "losses": 31,
      "win_total": 23806667,
      "loss_total": -3921579,
      "win_avg": 125298.24736842106,
      "loss_avg": -126502.54838709677,
      "std": 115098.19343287808,
      "cv": 1.2791847211672414
    },
    "total": {
      "total": 23516944,
      "count": 454,
      "avg": 51799.436123348016,
      "wins": 340,
      "losses": 114,
      "win_total": 35841925,
      "loss_total": -12324981,
      "win_avg": 105417.42647058824,
      "loss_avg": -108113.86842105263,
      "std": 0,
      "cv": 0
    }
  },
  "difference": {
    "no_double": {
      "total": -2172702,
      "avg": -11723.426454138704,
      "win_rate": -0.15100671140939592,
      "win_avg": 4596.0635738831625,
      "loss_avg": 21528.378205128203
    },
    "double": {
      "total": -1421385,
      "avg": -20064.535714285714,
      "win_rate": -0.04761904761904756,
      "win_avg": -18592.698113207545,
      "loss_avg": 2077.212903225809
    },
    "super_double": {
      "total": 4803731,
      "avg": -29167.874740877778,
      "win_rate": -0.10849697969373429,
      "win_avg": -2873.5194995686034,
      "loss_avg": 1247.8652187799453
    },
    "total": {
      "total": 1209644,
      "avg": 4143.070663982304,
      "win_rate": -0.015867004205952218,
      "win_avg": 14321.332788671018,
      "loss_avg": -11112.99598572703
    }
  }
}